gd,bgd,acc,bac,nt,bnt
0.023508459832940004,0.02344282621938179,0.02343364426086539,0.02343374720481728,0.02343142558339706,0.02343142627820427
0.0002711597081329764,9.998091174479964e-05,9.8103574917069e-05,9.984088756278704e-05,5.8087842014514084e-05,9.38557232906945e-05
1.474853515625,0.26096534729003906,0.05899858474731445,0.08199572563171387,0.001999378204345703,0.001998424530029297
100001.0,7845.0,2031.0,2024.0,4.0,8.0
,7844.0,7844.0,27.0,27.0,6.0
0.6530753084517233,0.6540438709418567,0.6541793731545905,0.6541778539652763,0.654212115156776,0.654212104903215
