gd,bgd,acc,bac,nt,bnt
0.02342322981714559,0.023423226994189444,0.023414362256569177,0.023423231363772307,0.02341247908885216,0.023412496118809828
9.999272087018295e-05,9.997870212135458e-05,9.175584477849097e-05,9.999923566315586e-05,3.3932891488647747e-06,6.015763986942459e-05
2.087000608444214,0.18596243858337402,0.032994747161865234,4.164045095443726,0.004000425338745117,0.0010004043579101562
200341.0,7706.0,2041.0,200135.0,5.0,5.0
,7705.0,7705.0,83.0,83.0,1.0
0.6570930996244533,0.6570931409514251,0.6572229172343572,0.6570930769824449,0.6572504860713693,0.6572502367594641
