gd,bgd,acc,bac,nt,bnt
0.022967338485258088,0.022967335770458425,0.02295998901726659,0.022960060683327954,0.02295575673230532,0.022955756439810793
9.999126458412487e-05,9.997904531568972e-05,9.804010239440624e-05,9.931326917855595e-05,4.596562503037258e-05,4.824860514023573e-05
0.893993616104126,0.18895339965820312,0.021028518676757812,0.026997804641723633,0.00099945068359375,0.002002239227294922
85541.0,7777.0,1271.0,1269.0,5.0,8.0
,7776.0,7776.0,27.0,27.0,5.0
0.6576126685237493,0.6576127089948309,0.6577222312723892,0.657721162905172,0.6577853243797971,0.6577853287401834
