gd,bgd,acc,bac,nt,bnt
0.022798916463496327,0.022798921411779305,0.02279249272191436,0.022792731472750682,0.022787893776703316,0.022787893485125416
9.996326148066826e-05,9.998625839633601e-05,9.693772728343343e-05,9.993218642933989e-05,3.6558535414019616e-05,3.0893793551926174e-05
0.3929901123046875,0.1409909725189209,0.016997575759887695,0.01903247833251953,0.0019698143005371094,0.002000570297241211
38311.0,6384.0,841.0,837.0,6.0,8.0
,6384.0,6384.0,27.0,27.0,30.0
0.6543841976324336,0.6543841226198853,0.6544815771111725,0.6544779578136526,0.6545512939392393,0.6545512983593575
