gd,bgd,acc,bac,nt,bnt
0.023423227528310497,0.023423230704324755,0.023414836698269104,0.023423231452139898,0.02341247908885216,0.023412496118809828
9.998167327861269e-05,9.999654308680214e-05,9.626401301963e-05,9.999824207624555e-05,3.3932891488647747e-06,6.015763986942459e-05
0.9009950160980225,0.16731691360473633,0.02100968360900879,1.6810004711151123,0.003000020980834961,0.0010039806365966797
80141.0,7285.0,1271.0,80055.0,5.0,5.0
,7284.0,7284.0,83.0,83.0,1.0
0.6570931331321022,0.6570930866364997,0.6572159715938981,0.6570930756887773,0.6572504860713693,0.6572502367594641
