gd,bgd,acc,bac,nt,bnt
0.02341765455991887,0.023417652785197335,0.023409467269628476,0.02341765549379146,0.023406947977540615,0.023406952621503607
9.999719001879028e-05,9.998820736203506e-05,9.844217872131762e-05,9.999936393230723e-05,4.148950799666292e-05,8.716972581780364e-05
0.8329973220825195,0.18496036529541016,0.020960330963134766,1.6519982814788818,0.0019922256469726562,0.0029904842376708984
79141.0,7195.0,1261.0,78955.0,25.0,15.0
,7194.0,7194.0,395.0,395.0,148.0
0.6508994685212899,0.6508994949780904,0.6510215211967385,0.6508994545995106,0.6510590777421473,0.651059008511938
