gd,bgd,acc,bac,nt,bnt
0.023136499984707154,0.023136500797768522,0.023130294842910182,0.02313035743693101,0.02312545087783513,0.02312545367592156
9.997874467649681e-05,9.998200787973306e-05,9.910563587064426e-05,9.975094630722766e-05,1.9368830890436988e-05,5.53622786378335e-05
0.39899706840515137,0.15203619003295898,0.01396036148071289,0.020185232162475586,0.0020055770874023438,0.0019927024841308594
39321.0,6553.0,841.0,840.0,6.0,5.0
,6553.0,6553.0,27.0,27.0,3.0
0.6504860492862354,0.65048603700364,0.6505797879081354,0.6505788423250303,0.6506529637718548,0.6506529215022736
