gd,bgd,acc,bac,nt,bnt
0.023417654082487638,0.02341765280716629,0.02341150102148956,0.023417655927064684,0.023406947977540615,0.023406952621503607
9.999484401925135e-05,9.998827168930283e-05,9.759337621318413e-05,9.99990834140665e-05,4.148950799666292e-05,8.716972581780364e-05
0.5459928512573242,0.16499662399291992,0.02799820899963379,0.9120376110076904,0.038042545318603516,0.0029997825622558594
39571.0,6595.0,851.0,39472.0,25.0,15.0
,6595.0,6595.0,470.0,470.0,148.0
0.6508994756386348,0.6508994946505889,0.6509912028805391,0.6508994481404562,0.6510590777421473,0.651059008511938
