gd,bgd,acc,bac,nt,bnt
0.02446564910943952,0.024289404392595332,0.024289404392595332,0.024289404392595332,0.024289404392595332,0.024289404392595332
0.0004560846431356292,9.997163463168836e-05,9.997163463168836e-05,9.997163463168836e-05,9.997163463168836e-05,9.997163463168836e-05
0.1050560474395752,0.13346219062805176,0.0019502639770507812,0.0022089481353759766,0.001092672348022461,0.0020029544830322266
10001.0,4832.0,1.0,1.0,1.0,1.0
,4831.0,4831.0,0.0,0.0,0.0
0.6549576960912626,0.6574430075382138,0.6574430075382138,0.6574430075382138,0.6574430075382138,0.6574430075382138
