gd,bgd,acc,bac,nt,bnt
0.022967338013827415,0.022967338797948073,0.02296027804039147,0.022960440596794474,0.02295575673230532,0.022955756439810793
9.998916091799258e-05,9.999237271179808e-05,9.660656947522505e-05,9.943595884069139e-05,4.596562503037258e-05,4.824860514023573e-05
0.48003292083740234,0.17999529838562012,0.016036272048950195,0.0240020751953125,0.000993967056274414,0.0009996891021728516
42771.0,7128.0,891.0,888.0,5.0,8.0
,7128.0,7128.0,27.0,27.0,5.0
0.6576126755516383,0.6576126638622994,0.6577179226383456,0.6577154993165024,0.6577853243797971,0.6577853287401834
