gd,bgd,acc,bac,nt,bnt
0.02342322704613467,0.02342322772166347,0.02341557551919668,0.02342323193228521,0.02341247908885216,0.023412496118809828
9.997930873001726e-05,9.998213762130706e-05,9.86833814734969e-05,9.999818880887132e-05,3.3932891488647747e-06,6.015763986942459e-05
0.42995452880859375,0.15404057502746582,0.015997886657714844,0.8189995288848877,0.0019996166229248047,0.0009996891021728516
40071.0,6678.0,881.0,40028.0,5.0,5.0
,6678.0,6678.0,83.0,83.0,1.0
0.6570931401909677,0.6570931303014924,0.6572051555452071,0.6570930686596382,0.6572504860713693,0.6572502367594641
