gd,bgd,acc,bac,nt,bnt
0.022798921915891113,0.02279892036738773,0.022790137001517358,0.022790376110004285,0.022787893776703316,0.022787893485125416
9.998921623487967e-05,9.99813482643059e-05,9.252736748887736e-05,9.920677924496192e-05,3.6558535414019616e-05,3.0893793551926174e-05
0.7790327072143555,0.15644168853759766,0.02005481719970703,0.026999711990356445,0.0015261173248291016,0.0019981861114501953
76611.0,6965.0,1261.0,1253.0,6.0,8.0
,6964.0,6964.0,27.0,27.0,30.0
0.6543841149778997,0.6543841384521423,0.6545172882028145,0.6545136634835557,0.6545512939392393,0.6545512983593575
