gd,bgd,acc,bac,nt,bnt
0.0240573016889081,0.0240573016889081,0.0240573016889081,0.0240573016889081,0.0240573016889081,0.0240573016889081
9.999476664731016e-07,9.999476664731016e-07,9.999476664731016e-07,9.999476664731016e-07,9.999476664731016e-07,9.999476664731016e-07
1.9647178649902344,0.004099130630493164,0.0016291141510009766,0.002207517623901367,0.001962423324584961,0.0020041465759277344
177731.0,1.0,1.0,1.0,1.0,1.0
,0.0,0.0,0.0,0.0,0.0
0.6484706276904253,0.6484706276904253,0.6484706276904253,0.6484706276904253,0.6484706276904253,0.6484706276904253
