gd,bgd,acc,bac,nt,bnt
0.022849102884303085,0.022798919440605553,0.022789936269025146,0.022790091724820438,0.022787893776703316,0.022787893485125416
0.00024271344186011296,9.997697610560157e-05,9.606062270787855e-05,9.982242088247619e-05,3.6558535414019616e-05,3.0893793551926174e-05
1.0159993171691895,0.1720426082611084,0.0319976806640625,0.042037010192871094,0.0015425682067871094,0.002035379409790039
100001.0,7367.0,2011.0,2002.0,6.0,8.0
,7366.0,7366.0,27.0,27.0,30.0
0.6536234240701646,0.6543841525015188,0.6545203311685402,0.6545179745662204,0.6545512939392393,0.6545512983593575
