gd,bgd,acc,bac,nt,bnt
0.023476759289426358,0.02341765327166334,0.023409035499491915,0.023476064010397035,0.023406947977540615,0.023406952621503607
0.00026175546364043384,9.99905804496571e-05,9.748040802939954e-05,0.00026040799884055203,4.148950799666292e-05,8.716972581780364e-05
1.0220353603363037,0.18000125885009766,0.034964799880981445,2.0069620609283447,0.0029997825622558594,0.002992868423461914
100001.0,7610.0,2021.0,100001.0,25.0,15.0
,7609.0,7609.0,411.0,411.0,148.0
0.6500183805346746,0.6508994877260619,0.6510279578440878,0.6500287250335888,0.6510590777421473,0.651059008511938
