gd,bgd,acc,bac,nt,bnt
0.02344282949598564,0.023442826733468647,0.023434190184719567,0.02343445039158848,0.02343142558339706,0.02343142627820427
9.99968737452915e-05,9.998327103088736e-05,9.5941553993387e-05,9.971317310896542e-05,5.8087842014514084e-05,9.38557232906945e-05
0.92104172706604,0.18700265884399414,0.02199530601501465,0.030964374542236328,0.0018115043640136719,0.0019617080688476562
81581.0,7417.0,1261.0,1253.0,4.0,8.0
,7416.0,7416.0,27.0,27.0,6.0
0.6540438225875675,0.6540438633552481,0.6541713167154226,0.6541674767278594,0.654212115156776,0.654212104903215
