gd,bgd,acc,bac,nt,bnt
0.02319335340489226,0.02313650404782569,0.023127388422050393,0.023127511181271154,0.02312545087783513,0.02312545367592156
0.0002567510460817228,9.999760032611437e-05,9.7597959393617e-05,9.961786190048996e-05,1.9368830890436988e-05,5.53622786378335e-05
1.0169622898101807,0.17296671867370605,0.03299975395202637,0.04205036163330078,0.0020020008087158203,0.0019636154174804688
100001.0,7561.0,2021.0,2013.0,6.0,5.0
,7560.0,7560.0,27.0,27.0,3.0
0.6496272070798084,0.6504859879063126,0.6506236940580667,0.6506218395830894,0.6506529637718548,0.6506529215022736
